date_found,published_date,company_matched,category,title,source,link,score,matched_keywords,sent_to_whatsapp
2026-07-04T13:32:01.421621,2026-07-03T13:27:06Z,Industry News,land,Amazon Data Services pre-leases 4 acres in Mumbai for data centre expansion,Business Standard,https://www.business-standard.com/industry/news/amazon-data-services-pre-leases-4-acres-in-mumbai-for-data-centre-expansion-126070301035_1.html,150,[LAND] acre; [LAND] acres; [PROJECT] expansion; mumbai,no
2026-07-08T16:13:07.499542,2026-07-07T12:30:52Z,Industry News,land,Digital Edge Acquires 30 Acres at Palava for 270MW Data Centre Development,CXO Digitalpulse,https://www.cxodigitalpulse.com/digital-edge-acquires-30-acres-at-palava-for-270mw-data-centre-development/,110,[LAND] acre; [LAND] acres; mw,no
2026-07-08T16:13:07.499542,2026-07-07T17:59:24Z,Industry News,project,Vizag Gets Major Boost with New Data Center Expansion,vizagtvupdates.in,https://vizagtvupdates.in/vizag-sify-hyperscale-data-center-phase-2/,80,[PROJECT] new data center; [PROJECT] expansion,no
2026-07-08T16:13:07.499542,2026-07-07T12:30:52Z,Industry News,land,Digital Edge Acquires 30 Acres at Palava for 270MW Data Centre Development,CXO Digitalpulse,https://www.cxodigitalpulse.com/digital-edge-acquires-30-acres-at-palava-for-270mw-data-centre-development/,110,[LAND] acre; [LAND] acres; mw,no
2026-07-14T12:24:20.828022,2026-07-13T12:50:00Z,Industry News,land,Palava land deal points to Digital Edge’s second India data center,W.Media,https://w.media/palava-land-deal-points-to-digital-edges-second-india-data-center/,60,[LAND] land,no
2026-07-14T12:24:20.828022,2026-07-13T12:50:00Z,Industry News,land,Palava land deal points to Digital Edge’s second India data center,W.Media,https://w.media/palava-land-deal-points-to-digital-edges-second-india-data-center/,60,[LAND] land,no
2026-07-15T12:45:16.977511,2026-07-15T06:11:33Z,TATA Communications,project,Tata Communications announces end of tenure for independent director Krishnakumar Natarajan,Business Upturn,https://businessupturn.com/business/tata-communications-announces-end-of-tenure-for-independent-director-krishnakumar-natarajan/,50,[PROJECT] announces,yes
2026-07-15T12:45:16.977511,2026-07-15T00:37:14Z,Industry News,project,E3 Electric.Ai Raises ₹100 Crore to Launch AI-Powered Scooter,Whalesbook,https://www.whalesbook.com/news/English/auto/E3-ElectricAi-Raises-indian-rupee100-Crore-to-Launch-AI-Powered-Scooter/6a56d63a5cb7edf90c2fcdd2,50,[PROJECT] launch; power,yes
2026-07-15T12:45:16.977511,2026-07-15T04:48:23Z,Industry News,project,"Submer Announces ₹19,000 Crore Plan for AI-Ready Data-Centre Campus in Madhya Pradesh",CXO Digitalpulse,https://www.cxodigitalpulse.com/submer-announces-%E2%82%B919000-crore-plan-for-ai-ready-data-centre-campus-in-madhya-pradesh/,50,[PROJECT] announces; campus,yes
2026-07-15T12:45:16.977511,2026-07-15T03:00:21Z,Pi Datacentres,project,"Hcltech To Build Full-Stack Ai Data Centres In India With ₹3,500 Crore Investment.",megaproject.com,https://megaproject.com/news/water/hcltech-to-build-full-stack-ai-data-centres-in-india-with-rs3500-crore-investment,110,[PROJECT] to build; [PROJECT] investment; investment,yes
2026-07-15T12:45:16.977511,2026-07-15T04:52:10Z,Industry News,project,DEE Development Engineers Raises ₹300 Crore to Fuel Nuclear & Data Center Piping Expansion,Sahi,https://www.sahi.com/news/dee-development-engineers-raises-300-crore-to-fuel-nuclear-data-center-piping-expansion-3828-PE1_COR,40,[PROJECT] expansion,yes
2026-07-15T12:45:16.977511,2026-07-15T02:41:16Z,AWS India,project,Manufacturing Leads India's Investment Cycle: 360 ONE AMC,Whalesbook,https://www.whalesbook.com/news/English/commodities/Manufacturing-Leads-Indias-Investment-Cycle-360-ONE-AMC/6a56f34c5cb7edf90c2ffb0d,70,[PROJECT] investment; investment,yes
2026-07-15T12:46:31.261906,2026-07-15T04:11:52Z,Industry News,general,"India Building World's Second-Largest Data Centre Capacity After US, Says Electromech MD",Daily Pioneer,https://dailypioneer.com/news/slug-lite/india-building-worlds-second-largest-data-centre-capacity-says-man-who-has-built-20-of-it?year=2026,20,capacity,yes
2026-07-15T12:46:31.261906,2026-07-15T04:16:58Z,Industry News,general,India’s Maritime rise under PM Modi: Indigenous naval power charts a new era of security and self,DD News,https://ddnews.gov.in/en/indias-maritime-rise-under-pm-modi-indigenous-naval-power-charts-a-new-era-of-security-and-self-reliance/,20,power,yes
2026-07-15T12:46:31.261906,2026-07-15T04:37:47Z,AWS India,general,Hurun Global Rich List 2026: Mukesh Ambani Retains Top Spot as India’s Wealthiest,ascendants.in,https://ascendants.in/founders-corner/hurun-global-rich-list-2026-india-top-5-billionaires/,20,,yes
2026-07-15T12:46:31.261906,2026-07-15T06:34:06Z,Industry News,general,"Gujarat Data Centre Policy: Green Hydrogen, AI Push Seen Adding 50%+ To India's Solar Capacity Growth",NDTV Profit,https://www.ndtvprofit.com/business/gujarat-data-centre-policy-green-hydrogen-ai-push-seen-adding-50-to-indias-solar-capacity-growth-11773511,30,capacity; policy,yes
2026-07-15T12:46:31.261906,2026-07-15T05:51:02Z,Reliance Communications,general,Reliance vs Adani: The Hidden Power Infrastructure Race in Jamnagar,TICE News,https://www.tice.news/enticing-angle/reliance-adani-power-transmission-jamnagar-12165091,20,power,yes
2026-07-15T12:46:31.261906,2026-07-15T01:17:00Z,Sify Technologies,general,Meta boosts AI data center capacity in Louisiana,India's News.Net,https://www.indiasnews.net/news/279185225/meta-boosts-ai-data-center-capacity-in-louisiana,20,capacity,yes
2026-07-15T12:46:31.261906,2026-07-15T02:03:13Z,Industry News,general,Webyne Expands Tier III Data Center Capacity to Support AI Cloud Growth in India,The Fast Mode,https://www.thefastmode.com/investments-and-expansions/49616-webyne-expands-tier-iii-data-center-capacity-to-support-ai-cloud-growth-in-india,20,capacity,yes
2026-07-15T12:46:31.261906,2026-07-15T01:58:28Z,Pi Datacentres,general,"New York Becomes First US State To Freeze AI Data Centres Over Power, Water Fears",Times Now,https://www.timesnownews.com/world/us/us-news/new-york-puts-ai-expansion-on-hold-with-first-statewide-data-centre-ban-article-155101516/amp,20,power,yes
2026-07-15T12:46:31.261906,2026-07-15T04:53:34Z,Industry News,general,"KEC International Wins Rs. 1,180 Cr Orders; Secures 200+ MW Solar Project in W India",Saur Energy,https://www.saurenergy.com/solar-energy-news/kec-international-wins-rs-1180-cr-orders-secures-200-mw-solar-project-in-w-india-12164811,20,mw,yes
2026-07-16T10:00:44.299563,2026-07-16T02:19:27Z,NTT,project,STT GDC India Launches 6 MW AI-Ready Data Center in Jaipur,Indiatimes,https://datacenters.economictimes.indiatimes.com/news/investments-deals/stt-gdc-india-launches-6-mw-ai-ready-data-center-in-jaipur/132427847,70,[PROJECT] launch; mw,yes
2026-07-16T10:00:44.299563,2026-07-16T02:04:15Z,STT GDC India,project,"STT GDC inaugurates 6MW enterprise data center in Jaipur, India",Data Center Dynamics,https://www.datacenterdynamics.com/en/news/stt-gdc-inaugurates-6mw-enterprise-data-center-in-jaipur-india/,70,[PROJECT] inaugurates; mw,yes
2026-07-16T10:00:44.299563,2026-07-16T02:29:36Z,Industry News,project,Spains submer group to invest 2 billion in mp semiconductor data centre,Indiatimes,https://datacenters.economictimes.indiatimes.com/news/investments-deals/spains-submer-group-to-invest-2-billion-in-mp-semiconductor-data-centre/132427928,40,[PROJECT] to invest,yes
2026-07-16T10:00:44.299563,2026-07-16T03:29:27Z,AWS India,project,AWS breaks ground on new Hyderabad data centre,Indiatimes,https://datacenters.economictimes.indiatimes.com/news/ai-compute-infrastructure/aws-breaks-ground-on-new-hyderabad-data-centre/132428730,60,[PROJECT] breaks ground; hyderabad,yes
2026-07-16T10:00:44.299563,2026-07-16T02:12:00Z,Microsoft,project,Microsoft (MSFT) Faces Browser Scrutiny As New York Clouds Data Center Expansion,Yahoo Finance Singapore,https://sg.finance.yahoo.com/news/microsoft-msft-faces-browser-scrutiny-021257849.html,50,[PROJECT] expansion,yes
2026-07-16T10:00:44.299563,2026-07-16T02:54:27Z,Industry News,project,Ferrovial to invest €1 billion in Madrid data center campus,Indiatimes,https://datacenters.economictimes.indiatimes.com/news/investments-deals/ferrovial-to-invest-1-billion-in-madrid-data-center-campus/132428217,50,[PROJECT] to invest; campus,yes
2026-07-16T10:00:44.299563,2026-07-16T03:04:38Z,Industry News,project,Tamil Nadu leads in tech investment readiness among Indian states,Indiatimes,https://datacenters.economictimes.indiatimes.com/news/policy-land-power/tamil-nadu-leads-in-tech-investment-readiness-among-indian-states/132428278,60,[PROJECT] investment; investment,yes
2026-07-16T11:10:58.152139,2026-07-15T16:22:53Z,AWS India,project,Aws expands Hyderabad data centre operations with planned $21 bn cloud infrastructure investment in india,Express Computer,https://www.expresscomputer.in/amp/news/aws-expands-hyderabad-data-centre-operations-with-planned-21-bn-cloud-infrastructure-investment-in-india/136844/,165,[PROJECT] planned; [PROJECT] investment; hyderabad; investment,yes
2026-07-16T11:10:58.152139,2026-07-15T10:47:44Z,Reliance Communications,project,"Cabinet clears National Investment Policy 2026 to boost urea output, target self-reliance",Moneycontrol.com,https://www.moneycontrol.com/news/india/cabinet-okays-new-national-investment-policy-to-create-10-mn-tons-of-fresh-urea-capacity-13974648.html,130,[PROJECT] investment; policy; investment,yes
2026-07-16T11:10:58.152139,2026-07-15T15:17:09Z,Pi Datacentres,project,Telangana secures Amazon’s biggest India data centre project months after Google announced AI hub in AP,ThePrint,https://theprint.in/india/governance/telangana-secures-amazons-biggest-india-data-centre-project-months-after-google-announced-ai-hub-in-ap/2987492/?amp,120,[PROJECT] announced,yes
2026-07-16T11:10:58.152139,2026-07-15T16:10:19Z,AWS India,project,AWS Plans ₹1.75 Lakh Crore India Cloud Investment by 2030,Whalesbook,https://www.whalesbook.com/news/English/technology/AWS-Plans-indian-rupee175-Lakh-Crore-India-Cloud-Investment-by-2030/6a57b0eb5cb7edf90c31d08d,110,[PROJECT] investment; investment,yes
2026-07-16T11:10:58.152139,2026-07-15T10:19:36Z,Pi Datacentres,project,"HCLTech Commits Initial Rs 3,500 Crore To AI Data Centres And Full-Stack Sovereign AI Push",CXO Digitalpulse,https://www.cxodigitalpulse.com/hcltech-commits-initial-rs-3500-crore-to-ai-data-centres-and-full-stack-sovereign-ai-push/,110,[PROJECT] commits,yes
2026-07-16T11:10:58.152139,2026-07-15T12:31:00Z,Equinix,land,Cape Town tribunal approves land rezoning for two Equinix data centers,W.Media,https://w.media/cape-town-tribunal-approves-land-rezoning-for-two-equinix-data-centers/?nocache=1784118798&jet_blog_ajax=1,100,[LAND] land,yes
2026-07-16T11:10:58.152139,2026-07-15T08:09:28Z,Net4,project,"Karnataka CM announces green data centre, plans AI university at Google I/O connect India",MediaNama,https://www.medianama.com/2026/07/223-google-io-connect-india-karnataka-ai-university-data-centre/,100,[PROJECT] announces,yes
2026-07-16T11:10:58.152139,2026-07-15T11:39:05Z,AWS India,project,"Amazon to invest Rs 60,000 crore in Telangana as CM Revanth lays foundation for AWS data centre",NewsMeter,https://newsmeter.in/regional/telangana/amazon-to-invest-rs-60000-crore-in-telangana-as-cm-revanth-lays-foundation-for-aws-data-centre-771750,90,[PROJECT] to invest,yes
2026-07-16T11:10:58.152139,2026-07-15T16:34:29Z,ESDS,project,ESDS launches sovereign privileged access management and SIEM platforms,Express Computer,https://www.expresscomputer.in/amp/news/esds-launches-sovereign-privileged-access-management-and-siem-platforms/136846/,90,[PROJECT] launch,yes
2026-07-16T11:10:58.152139,2026-07-15T10:49:18Z,CapitaLand Data Centre,land,CapitaLand Ascendas REIT to divest Kim Chuan Telecommunications Complex in Singapore for S$200.4 million,CapitaLand,https://www.capitaland.com/content/capitaland/global/en/about-capitaland/newsroom/news-releases/international/2026/july/CLAR-to-divest-Kim-Chuan-Telecommunications-Complex-in-Singapore.html,80,[LAND] land,yes
2026-07-16T11:10:58.152139,2026-07-15T14:03:24Z,Industry News,project,Amazon breaks ground to establish data centre in Telangana,Deccan Herald,https://www.deccanherald.com/business/companies/amazon-breaks-ground-to-establish-data-centre-in-telangana-4074911,80,[PROJECT] breaks ground; [PROJECT] establish,yes
2026-07-16T11:10:58.152139,2026-07-15T14:03:00Z,Industry News,project,"Greece Data Center Market Trends & Investment Analysis, 2026-2031 | Amazon Boosts Greece's Renewable Energy Initiative with New Wind Farm PPAs",Yahoo Finance Singapore,https://sg.finance.yahoo.com/news/greece-data-center-market-trends-140300725.html,60,[PROJECT] investment; renewable; investment,yes
2026-07-16T11:10:58.152139,2026-07-15T06:35:26Z,Industry News,land,Andhra Pradesh Approves 91-Acre Logistics Park to Support Google’s Proposed India AI Hub,digital terminal,https://digitalterminal.in/trending/andhra-pradesh-approves-91-acre-logistics-park-to-support-googles-proposed-india-ai-hub,60,[LAND] acre,yes
2026-07-16T11:10:58.152139,2026-07-15T16:55:05Z,Industry News,project,"Trump urges New York to rethink data centre policy, says AI investments are shifting to other states",Business Upturn,https://www.businessupturn.com/world/trump-urges-new-york-to-rethink-data-centre-policy-says-ai-investments-are-shifting-to-other-states/,60,[PROJECT] investment; policy; investment,yes
2026-07-16T11:10:58.152139,2026-07-15T19:53:53Z,Industry News,project,PM Modi welcomes AirTrunk’s Rs 3 lakh crore investment plan in India’s digital infrastructure,DD News,https://ddnews.gov.in/en/pm-modi-welcomes-airtrunks-rs-3-lakh-crore-investment-plan-in-indias-digital-infrastructure/,60,[PROJECT] investment; investment,yes
2026-07-16T16:00:30.828940,2026-07-16T07:08:32Z,Pi Datacentres,project,"HCLTech To Invest Rs 3,500 Cr In AI Data Centre Business, Eyes 50 MW Capacity",BW Businessworld,https://www.businessworld.in/article/hcltech-to-invest-rs-3-500-cr-in-ai-data-centre-business-eyes-50-mw-capacity-614530,130,[PROJECT] to invest; mw; capacity,yes
2026-07-16T16:00:30.828940,2026-07-16T04:13:07Z,Industry News,project,Google AI Hub in Visakhapatnam: $15 Billion Investment to Build India’s Largest AI Ecosystem,ascendants.in,https://ascendants.in/industry_events/google-ai-hub-visakhapatnam-india-15-billion-investment/,100,[PROJECT] to build; [PROJECT] investment; investment,yes
2026-07-16T16:00:30.828940,2026-07-16T08:20:59Z,AWS India,project,"MP draws investment proposals worth over ₹40,000 cr across GCC, chip and data centre sectors at Tech Growt..",ET Government,https://government.economictimes.indiatimes.com/amp/news/technology/madhya-pradesh-secures-over-40000-crore-in-tech-investments-at-growth-conclave-30/132433540,100,[PROJECT] investment; investment,yes
2026-07-16T16:00:30.828940,2026-07-16T07:16:13Z,Google Cloud India,project,TCS and Google Cloud launch Gemini Experience Center in Kolkata,IT Voice Media,https://www.itvoice.in/tcs-and-google-cloud-launch-gemini-experience-center-in-kolkata,95,[PROJECT] launch,yes
2026-07-16T16:00:30.828940,2026-07-15T14:48:44Z,AWS India,project,AWS breaks ground for data centre project,BusinessLine,https://www.thehindubusinessline.com/companies/aws-breaks-ground-for-data-centre-project/article71226276.ece,90,[PROJECT] breaks ground,yes
2026-07-16T16:00:30.828940,2026-07-16T07:08:12Z,Digital Connexion,project,ITI wins ₹856.39 crore BSNL 4G expansion order under Phase IX rollout,Business Upturn,https://businessupturn.com/sectors/telecom/iti-wins-rs856-39-crore-bsnl-4g-expansion-order-under-phase-ix-rollout/,90,[PROJECT] expansion,yes
2026-07-16T16:00:30.828940,2026-07-15T13:06:39Z,Industry News,project,Gujarat unveils Viksit Gujarat Data Center Policy aiming ₹6L/cr investments,NewsBytes,https://www.newsbytesapp.com/news/business/gujarat-unveils-viksit-gujarat-data-center-policy-aiming-rs6lcr-investments/tldr,60,[PROJECT] investment; policy; investment,yes
2026-07-16T16:00:30.828940,2026-07-16T09:38:17Z,Industry News,project,Hyderabad Data Centre Expansion Boosts Digital Economy,urbanacres.in,https://urbanacres.in/hyderabad-data-centre-expansion-boosts-digital-economy/,55,[PROJECT] expansion; hyderabad,yes
2026-07-16T16:00:30.828940,2026-07-15T22:14:59Z,Industry News,project,"Telangana CM lays foundation for Amazon Data Centre, seeks ₹1 lakh crore investment",CNBC TV18,https://www.cnbctv18.com/india/telangana-cm-lays-foundation-for-amazon-data-centre-seeks-rs-1-lakh-crore-investment-19946577.htm,50,[PROJECT] investment; investment,yes
2026-07-16T16:00:30.828940,2026-07-15T16:54:53Z,Industry News,project,"Google inks investment, offtake deal for largest US solar project",ESG Dive,https://www.esgdive.com/news/google-inks-investment-offtake-deal-for-largest-us-solar-project-cypress-creek-arkansas/825318/,50,[PROJECT] investment; investment,yes
2026-07-16T16:00:30.828940,2026-07-15T14:44:05Z,Industry News,land,"'Flying Buses Soon': Nitin Gadkari Reveals Next Major Mobility Plan, Reminding About the Seaplanes That Can Land on Water",Republic World,https://www.republicworld.com/india/traffic-relief-in-sight-nitin-gadkari-proposes-flying-buses-for-indian-cities-2026-07-15-132415,50,[LAND] land,yes
2026-07-16T16:00:30.828940,2026-07-16T09:55:01Z,Industry News,project,How is Madhya Pradesh Attracting Tech Investments? | AIM,analyticsindiamag.com,https://analyticsindiamag.com/ai-news/madhya-pradesh-courts-semiconductor-ai-and-data-centre-firms-with-investment-proposals-worth-over-58000-crore,50,[PROJECT] investment; investment,yes
2026-07-16T16:00:30.828940,2026-07-16T10:09:00Z,Industry News,land,Macquarie Technology (ASX: MAQ) Secures Land for AUD 3Bn Sydney Data Centre,Kalkine,https://kalkine.com.au/news/general-news/macquarie-technology-asx-maq-secures-land-for-aud-3bn-sydney-data-centre,50,[LAND] land,yes
2026-07-16T16:00:30.828940,2026-07-16T08:21:00Z,Industry News,project,Kerala Chief Minister Signals Softer Stance On Vizhinjam Port Expansion Amid $1.4 Billion MSC Deal Review,Swarajyamag,https://swarajyamag.com/news-brief/kerala-chief-minister-signals-softer-stance-on-adani-port-expansion-amid-11bn-msc-deal-review,40,[PROJECT] expansion,yes
2026-07-16T16:00:30.828940,2026-07-15T10:40:54Z,Industry News,project,Revanth Reddy Unveils Vision for ‘Future City’ at Amazon Data Centre Groundbreaking,Deccan Chronicle,https://www.deccanchronicle.com/amp/southern-states/telangana/revanth-reddy-unveils-vision-for-future-city-at-amazon-data-centre-groundbreaking-1971109,40,[PROJECT] groundbreaking,yes
2026-07-17T10:00:49.220783,2026-07-16T11:45:40Z,Industry News,land,L&T Realty buys 2.5 acres land in Delhi,BigInfo.in,https://biginfo.in/news/lt-realty-buys-25-acres-land-in-delhi,155,[LAND] land; [LAND] acre; [LAND] acres,yes
2026-07-17T10:00:49.220783,2026-07-16T19:22:22Z,Industry News,land,Mukand Ltd sells 9.2 acres of land in Kalwa,BigInfo.in,https://biginfo.in/news/mukand-ltd-sells-92-acres-of-land-in-kalwa,150,[LAND] land; [LAND] acre; [LAND] acres,yes
2026-07-17T10:00:49.220783,2026-07-16T12:22:47Z,Industry News,land,Andhra Pradesh Govt. Approves 91 Acres Land Allotment for Logistics Park Near Google AI Hub in Vizag,varindia.com,https://www.varindia.com/news/andhra-pradesh-govt-approves-91-acres-land-allotment-for-logistics-park-near-google-ai-hub-in-vizag,150,[LAND] land; [LAND] acre; [LAND] acres,yes
2026-07-17T10:00:49.220783,2026-07-16T19:37:25Z,AWS India,project,AWS performs groundbreaking for data centre in Hyderabad,BigInfo.in,https://biginfo.in/news/aws-performs-groundbreaking-for-data-centre-in-hyderabad,105,[PROJECT] groundbreaking; hyderabad,yes
2026-07-17T10:00:49.220783,2026-07-16T21:41:57Z,Microsoft,project,Microsoft partners with Singapore's Lightstorm to build India-Southeast Asia undersea cable,MSN,https://www.msn.com/en-ph/money/general/microsoft-partners-with-singapore-s-lightstorm-to-build-india-southeast-asia-undersea-cable/ar-AA275cIe,100,[PROJECT] to build,yes
2026-07-17T10:00:49.220783,2026-07-16T19:07:19Z,Industry News,land,Andhra Pradesh government approves second phase of land acquisition for 3 ports project,BigInfo.in,https://biginfo.in/news/andhra-pradesh-government-approves-second-phase-of-land-acquisition-for-3-ports-project,100,[LAND] land; [LAND] land acquisition,yes
2026-07-17T10:00:49.220783,2026-07-16T10:02:19Z,Industry News,land,Macquarie Technology Group Exercises $240 Million Land Option for New Macquarie Park Engineering and Data Centre Campus,Kalkine,https://kalkine.com.au/news/announcements/macquarie-technology-group-exercises-240-million-land-option-for-new-macquarie-park-engineering-and-data-centre-campus,100,[LAND] land; [PROJECT] data centre campus; campus,yes
2026-07-17T10:00:49.220783,2026-07-16T23:53:04Z,Digital Connexion,project,GlobalData: BSNL Satellite Handset Launch Strengthens India’s Always-Connected Future,The Fast Mode,https://www.thefastmode.com/technology-and-solution-trends/49664-globaldata-bsnl-satellite-handset-launch-strengthens-india-s-always-connected-future,100,[PROJECT] launch,yes
2026-07-17T10:00:49.220783,2026-07-16T11:54:20Z,ESDS,project,"ESDS Launches Swaraj Nandi and Swaraj Hansa, Two Sovereign Enterprise Security Platforms Built Entirely in India",TheWire.in,https://m.thewire.in/article/ptiprnews/esds-launches-swaraj-nandi-and-swaraj-hansa-two-sovereign-enterprise-security-platforms-built-entirely-in-india/amp,100,[PROJECT] launch,yes
2026-07-17T10:00:49.220783,2026-07-16T08:58:20Z,Digital Connexion,project,ITI bags BSNL's 4G network expansion order worth Rs 856 crore,The Economic Times,https://m.economictimes.com/industry/telecom/telecom-news/iti-bags-bsnls-4g-network-expansion-order-worth-rs-856-crore/articleshow/132434456.cms,90,[PROJECT] expansion,yes
2026-07-17T10:00:49.220783,2026-07-16T12:16:55Z,CapitaLand Data Centre,land,Remote Supervision Framework Points to Efficiency Gains at CapitaLand-Linked Projects,TipRanks,https://www.tipranks.com/news/private-companies/remote-supervision-framework-points-to-efficiency-gains-at-capitaland-linked-projects,80,[LAND] land,yes
2026-07-17T10:00:49.220783,2026-07-16T10:22:08Z,Industry News,project,"Waaree ESS Opens 5.15 GWh BESS Container Manufacturing Facility, Marks First Milestone In Planned 20 GWh",Free Press Journal,https://www.freepressjournal.in/amp/business/waaree-ess-opens-515-gwh-bess-container-manufacturing-facility-marks-first-milestone-in-planned-20-gwh-capacity-expansion,80,[PROJECT] planned; [PROJECT] opens,yes
2026-07-17T10:00:49.220783,2026-07-17T02:54:26Z,Industry News,land,Pure dc invests 1 5 billion in ai data center campus in finland,Indiatimes,https://datacenters.economictimes.indiatimes.com/news/construction-site-development/pure-dc-invests-1-5-billion-in-ai-data-center-campus-in-finland/132451166,60,[LAND] land; campus,yes
2026-07-17T10:00:49.220783,2026-07-16T23:40:05Z,Industry News,project,Amazon To Invest $48 Billion In India,Austin South Asian,https://www.austinsouthasian.com/post/amazon-to-invest-48-billion-in-india,50,[PROJECT] to invest,yes
2026-07-17T10:00:49.220783,2026-07-17T03:23:58Z,Industry News,project,HSL proposes greenfield shipyard in A.P. to boost domestic shipbuilding capacity,India Shipping News,https://indiashippingnews.com/shipping/hsl-proposes-greenfield-shipyard-in-a-p-to-boost-domestic-shipbuilding-capacity/,50,[PROJECT] greenfield; capacity,yes
2026-07-20T11:59:16.946665,2026-07-20T01:01:09Z,AWS India,project,AWS begins construction of Hyderabad data centre as part of USD 21 billion India cloud investment,Prop News Time,https://propnewstime.com/latestnewsstories/MzMzMDg=/aws-begins-construction-of-hyderabad-data-centre-as-part-of-usd-21-billion-india-cloud-investment,165,[PROJECT] begins construction; [PROJECT] investment; hyderabad; investment,yes
2026-07-20T11:59:16.946665,2026-07-19T13:30:52Z,AWS India,land,Amazon Web Services Expands Hyderabad Footprint with Landmark US$21 Billion Infrastructure Investment,Telugu Times,https://www.telugutimes.net/en/bnews/amazon-web-services-expands-hyderabad-footprint-with-landmark-us21-billion-infrastructure-investment-353674.html,165,[LAND] land; [PROJECT] investment; hyderabad; investment,yes
2026-07-20T11:59:16.946665,2026-07-20T03:34:53Z,NTT,project,Ntt data commits 1 5 billion for india ai data center expansion,Indiatimes,https://datacenters.economictimes.indiatimes.com/news/investments-deals/ntt-data-commits-1-5-billion-for-india-ai-data-center-expansion/132505214,140,[PROJECT] expansion; [PROJECT] commits,yes
2026-07-20T11:59:16.946665,2026-07-20T05:34:53Z,Nxtra Data,project,"Nxtra by Airtel Revenue Up 17% in FY26, Plans 1GW Expansion",Indiatimes,https://datacenters.economictimes.indiatimes.com/news/investments-deals/nxtra-by-airtel-revenue-up-17-in-fy26-plans-1gw-expansion/132506699,110,[PROJECT] expansion,yes
2026-07-20T11:59:16.946665,2026-07-20T06:04:34Z,Pi Datacentres,project,Prysmian Signs €5.5bn Molex Deal in Data Centre Expansion Drive,Global Banking & Finance Review,https://www.globalbankingandfinance.com/prysmian-signs-5-5-billion-molex-deal-data-centre-push/,110,[PROJECT] expansion,yes
2026-07-20T11:59:16.946665,2026-07-19T23:04:53Z,Industry News,project,Qts lancium plan texas hyperscale campus with 10 billion investment,Indiatimes,https://datacenters.economictimes.indiatimes.com/news/construction-site-development/qts-lancium-plan-texas-hyperscale-campus-with-10-billion-investment/132503420,110,[PROJECT] hyperscale campus; [PROJECT] investment; hyperscale; campus; investment,yes
2026-07-20T11:59:16.946665,2026-07-19T22:14:53Z,Net4,land,Elisa Targets Data Center Connectivity Amid Finland's Market Boom,Indiatimes,https://datacenters.economictimes.indiatimes.com/news/cloud-colocation-connectivity/elisa-targets-data-center-connectivity-amid-finlands-market-boom/132502746?utm_source=category_news&utm_medium=homepage,100,[LAND] land,yes
2026-07-20T11:59:16.946665,2026-07-19T10:15:01Z,Net4,project,'Big AI' Faces National Backlash: Over 140 Protests Across 42 States Challenge Data Center Expansion,"International Business Times, Singapore Edition",https://www.ibtimes.sg/big-ai-faces-national-backlash-over-140-gcc-protests-across-42-states-challenge-data-center-expansion-90080,90,[PROJECT] expansion,yes
2026-07-20T11:59:16.946665,2026-07-19T18:32:09Z,Industry News,project,Bihar To Set Up Ramdhari Singh Dinkar University In Begusarai; CM Samrat Choudhary Announces Major Education,Free Press Journal,https://www.freepressjournal.in/education/bihar-to-set-up-ramdhari-singh-dinkar-university-in-begusarai-cm-samrat-choudhary-announces-major-education-push,80,[PROJECT] announces; [PROJECT] set up,yes
2026-07-20T11:59:16.946665,2026-07-19T15:42:51Z,Industry News,project,Thane Residents Protest Amazon's Planned 422 MW Data Centre,Whalesbook,https://www.whalesbook.com/news/English/real-estate/Thane-Residents-Protest-Amazons-Planned-422-MW-Data-Centre/6a5cf07bfe1c9287f475b0a2,50,[PROJECT] planned; mw,yes
2026-07-20T11:59:16.946665,2026-07-19T06:35:47Z,Industry News,land,Emotional Scenes! Didier Deschamps Consoles NGolo Kante After Frances Loss Against England At FIFA World Cup,Free Press Journal,https://www.freepressjournal.in/sports/emotional-scenes-didier-deschamps-consoles-ngolo-kante-after-frances-loss-against-england-at-fifa-world-cup-2026-video,50,[LAND] land,yes
2026-07-20T11:59:16.946665,2026-07-19T08:47:09Z,Industry News,project,Chhattisgarh tops CRISIL-NITI Aayog Index for investment friendliness,The News Mill,https://thenewsmill.com/2026/07/chhattisgarh-leads-in-regulatory-ease-and-institutional-environment-in-crisil-niti-aayog-index/,50,[PROJECT] investment; investment,yes
2026-07-20T11:59:16.946665,2026-07-19T21:11:39Z,Industry News,land,A legal shortcut greenlit a data center on public land — and shut the public out,Hastings Tribune,https://www.hastingstribune.com/ap/personal_finance/a-legal-shortcut-greenlit-a-data-center-on-public-land-and-shut-the-public-out/article_dbc40e7a-fe6c-5f5c-acf4-ddc4641a29a7.html,50,[LAND] land,yes
2026-07-20T11:59:16.946665,2026-07-20T04:58:55Z,Industry News,land,"Lenders to Auction Wadia Realty's Thane Land for ₹1,375 Cr",Whalesbook,https://www.whalesbook.com/news/English/real-estate/Lenders-to-Auction-Wadia-Realtys-Thane-Land-for-indian-rupee1375-Cr/6a5dab0ffe1c9287f4763855,50,[LAND] land,yes
2026-07-20T11:59:16.946665,2026-07-19T22:19:53Z,Industry News,project,"NVIDIA's Rosa AI CPU Eyes TSMC A16, Back-Side Power for 2028 Data Center Launch",Indiatimes,https://datacenters.economictimes.indiatimes.com/news/ai-compute-infrastructure/nvidias-rosa-ai-cpu-eyes-tsmc-a16-back-side-power-for-2028-data-center-launch/132503010,50,[PROJECT] launch; power,yes
2026-07-20T12:02:40.864824,2026-07-20T01:14:52Z,Industry News,project,L&T Vyoma Plans 200 MW Data Center Expansion by FY27,Whalesbook,https://www.whalesbook.com/news/English/technology/LandT-Vyoma-Plans-200-MW-Data-Center-Expansion-by-FY27/6a5d768cfe1c9287f475eef2,50,[PROJECT] expansion; mw,yes
2026-07-20T12:02:40.864824,2026-07-20T00:30:00Z,Industry News,project,"Cleartrip bets on non-air expansion for scale, targets early-2027 breakeven",The Economic Times,https://m.economictimes.com/tech/technology/cleartrip-bets-on-non-air-expansion-for-scale-targets-early-2027-breakeven/amp_articleshow/132500469.cms,40,[PROJECT] expansion,yes
2026-07-20T12:02:40.864824,2026-07-20T03:49:53Z,Industry News,project,Airtrunk eyes us1 5 billion singapore reit listing for asia pacific expansion,Indiatimes,https://datacenters.economictimes.indiatimes.com/news/investments-deals/airtrunk-eyes-us1-5-billion-singapore-reit-listing-for-asia-pacific-expansion/132503465,40,[PROJECT] expansion,yes
2026-07-20T12:02:40.864824,2026-07-19T18:36:13Z,Industry News,project,"PM Modi in Assam: Inaugurates Major Infrastructure and Connectivity Projects Worth ₹5,450 Crore",News On AIR,https://newsonair.gov.in/pm-modi-in-assam-inaugurates-major-infrastructure-and-connectivity-projects-worth-%E2%82%B95450-crore/,40,[PROJECT] inaugurates,yes
2026-07-20T12:02:40.864824,2026-07-19T19:26:13Z,Industry News,project,Refrigerant Pumps Market Demand to Accelerate by 2035 on Data Center and Industrial Cooling Expansion,IndexBox,https://www.indexbox.io/blog/refrigerant-pumps-market-demand-to-accelerate-by-2035-on-data-center-and-industrial-cooling-expansion/,40,[PROJECT] expansion,yes
2026-07-20T12:02:40.864824,2026-07-19T19:51:13Z,Industry News,project,"Module Plc Splitter Market Forecast Points Higher Toward 2035, Driven by Global Fiber Broadband Expansion",IndexBox,https://www.indexbox.io/blog/module-plc-splitter-market-forecast-points-higher-toward-2035-driven-by-global-fiber-broadband-expansion/,40,[PROJECT] expansion,yes
2026-07-20T12:02:40.864824,2026-07-19T14:00:00Z,Industry News,project,"Nonprofit Current AI is racing to build the World Wide Web of AI, free for all",TechCrunch,https://techcrunch.com/2026/07/19/nonprofit-current-ai-is-racing-to-build-the-world-wide-web-of-ai-free-for-all/,40,[PROJECT] to build,yes
2026-07-20T12:02:40.864824,2026-07-19T14:24:14Z,Industry News,project,New Era Energy & Digital (NUAI) Is Down 8.0% After PJM Opens Tariff Review On Data-Center Loads,simplywall.st,https://simplywall.st/stocks/us/energy/nasdaq-nuai/new-era-energy-digital/news/new-era-energy-digital-nuai-is-down-80-after-pjm-opens-tarif,40,[PROJECT] opens,yes
2026-07-20T16:00:43.915860,2026-07-20T07:29:29Z,Sify Technologies,land,Big Tech is now targeting Native American land for massive data centers,San Juan Daily Star,https://www.sanjuandailystar.com/post/big-tech-is-now-targeting-native-american-land-for-massive-data-centers,120,[LAND] land,yes
2026-07-20T16:00:43.915860,2026-07-20T06:33:45Z,Industry News,land,"Data centres fuelling housing crisis as they win race for land, power and water",realestate.com.au,https://www.realestate.com.au/news/data-centres-fuelling-housing-crisis-as-they-win-race-for-land-power-and-water/,60,[LAND] land; power,yes
2026-07-20T16:00:43.915860,2026-07-20T08:18:51Z,Industry News,project,Raghu Vamsi Aerospace Raises $40 Million for Capacity Expansion,Whalesbook,https://www.whalesbook.com/news/English/industrial-goodsservices/Raghu-Vamsi-Aerospace-Raises-dollar40-Million-for-Capacity-Expansion/6a5dd9ebfe1c9287f476a1ae,50,[PROJECT] expansion; capacity,yes
2026-07-20T16:00:43.915860,2026-07-20T09:41:36Z,Industry News,project,Anant Raj approves substantial investment in subsidiary Ashok Cloud,Business Upturn,https://businessupturn.com/business/anant-raj-approves-substantial-investment-in-subsidiary-ashok-cloud-2/,50,[PROJECT] investment; investment,yes
2026-07-20T16:00:43.915860,2026-07-20T09:55:00Z,Industry News,project,Six Global Power Themes Shaping the Future—And How to Invest,Barron's,https://www.barrons.com/articles/global-power-ai-utilities-energy-d1d7757c,50,[PROJECT] to invest; power,yes
2026-07-20T16:00:43.915860,2026-07-20T06:56:14Z,Industry News,project,Removable Metal Floor Panels Market Growth Driven by Data Center Expansion Through 2035 - News and Statistics,IndexBox,https://www.indexbox.io/blog/removable-metal-floor-panels-market-forecast-points-higher-toward-2035-on-data-center-buildout/,40,[PROJECT] expansion,yes
2026-07-20T16:00:43.915860,2026-07-19T10:41:14Z,Industry News,project,"Telecommunication Cable Market Forecast Points Higher Toward 2035, Driven by 5G Densification and Data Center Expansion",IndexBox,https://www.indexbox.io/blog/telecommunication-cable-market-forecast-points-higher-toward-2035-driven-by-5g-densification-and-data-center-expansion/,40,[PROJECT] expansion,yes
2026-07-22T16:00:41.398096,2026-07-22T01:57:45Z,Pi Datacentres,land,"OpenAI's First India Data Centre Set for Visakhapatnam, Pune as TCS Secures Key Land Parcels",LatestLY,https://www.latestly.com/technology/openais-first-india-data-centre-set-for-visakhapatnam-pune-as-tcs-secures-key-land-parcels-7526626.html,245,[LAND] land; [LAND] land parcel; [LAND] land parcel; pune,yes
2026-07-22T16:00:41.398096,2026-07-22T05:04:44Z,Pi Datacentres,land,Tata acquires land in Andhra Pradesh and Maharashtra for potential OpenAtIo set up data centres,tele.net.in,https://tele.net.in/national-news/tata-acquires-land-in-andhra-pradesh-and-maharashtra-for-potential-openatio-set-up-data-centres-12186571,220,[LAND] land; [LAND] acquires land; [PROJECT] set up; maharashtra,yes
2026-07-22T16:00:41.398096,2026-07-22T01:32:59Z,Pi Datacentres,land,Tata acquires land in India for OpenAI data centers - report,Data Center Dynamics,https://www.datacenterdynamics.com/en/news/tata-acquires-land-in-india-for-openai-data-centers-report/,180,[LAND] land; [LAND] acquires land,yes
2026-07-22T16:00:41.398096,2026-07-21T18:17:56Z,Pi Datacentres,land,TCS Secures 200 Acres Near Vizag for AI Data Centre,vizagtvupdates.in,https://vizagtvupdates.in/tcs-vizag-ai-data-centre-anakapalli/,170,[LAND] acre; [LAND] acres,yes
2026-07-22T16:00:41.398096,2026-07-22T04:16:40Z,Industry News,land,"MP plans to reclaim Patanjali's allotted land: 419 acres given to 3 major investors over decade, but none o...",Bhaskar English,https://www.bhaskarenglish.in/local/mp/indore/news/madhya-pradesh-reclaim-patanjali-land-pithampur-investment-controversy-138507377.html,150,[LAND] land; [LAND] acre; [LAND] acres,yes
2026-07-22T16:00:41.398096,2026-07-22T08:51:07Z,STT GDC India,project,ST Telemedia Global Data Centres Launches Rajasthan’s First High-Performance Data Centre,businessnewsthisweek.com,https://businessnewsthisweek.com/business/st-telemedia-global-data-centres-launches-rajasthans-first-high-performance-data-centre/,110,[PROJECT] launch,yes
2026-07-22T16:00:41.398096,2026-07-21T14:43:00Z,Microsoft,project,Amazon vs. Microsoft: Which AI Cloud Titan Is the Better Investment?,Yahoo Finance Singapore,https://sg.finance.yahoo.com/news/amazon-vs-microsoft-ai-cloud-144300941.html,100,[PROJECT] investment; investment,yes
2026-07-22T16:00:41.398096,2026-07-21T23:15:03Z,Industry News,land,Beetaloo Energy Launches Digital Subsidiary and Secures 185-Hectare Northern Territory Land for Integrated Gas Power and Data Centre,Kalkine,https://kalkine.com.au/news/announcements/beetaloo-energy-launches-digital-subsidiary-and-secures-185-hectare-northern-territory-land-for-integrated-gas-power-and-data-centre,100,[LAND] land; [PROJECT] launch; power,yes
2026-07-22T16:00:41.398096,2026-07-21T11:03:00Z,Net4,project,BlackRock-backed group commits $5 billion for Aligned Data Centers,The Economic Times,https://m.economictimes.com/tech/artificial-intelligence/blackrock-backed-group-commits-5-billion-for-aligned-data-centers/amp_articleshow/132534450.cms,90,[PROJECT] commits,yes
2026-07-22T16:00:41.398096,2026-07-22T05:00:28Z,Industry News,project,Hyperscalers Face Rising Costs Amid AI Investment Boom,Devdiscourse,https://www.devdiscourse.com/article/technology/3953847-hyperscalers-face-rising-costs-amid-ai-investment-boom?amp,60,[PROJECT] investment; hyperscale; investment,yes
2026-07-22T16:00:41.398096,2026-07-21T12:03:02Z,Industry News,project,Real Estate Investment India Hits $19 Billion in Q2,Lapaas Voice,https://voice.lapaas.com/india-real-estate-investment-19-billion-q2-domestic-capital-data-centres/,60,[PROJECT] investment; investment,yes
2026-07-22T16:00:41.398096,2026-07-21T13:15:00Z,Industry News,land,Hedgehog USA Signs Strategic Energy Supply Agreement With Idemitsu To Advance Powered Land Data Center Platform,PR Newswire,https://www.prnewswire.com/news-releases/hedgehog-usa-signs-strategic-energy-supply-agreement-with-idemitsu-to-advance-powered-land-data-center-platform-302830145.html,60,[LAND] land; power,yes
2026-07-22T16:00:41.398096,2026-07-22T05:28:27Z,Industry News,project,AI investment boom puts Big Tech's free cash flow under pressure,ETEnterpriseai.com,https://enterpriseai.economictimes.indiatimes.com/news/industry/big-techs-ai-investment-surge-will-cash-flow-sustainability-collapse-by-2027/132551610,50,[PROJECT] investment; investment,yes
2026-07-22T16:00:41.398096,2026-07-22T07:35:55Z,Industry News,project,Amazon Leo Eyes India for Global Satellite Internet Expansion,Rediff MoneyWiz,https://money.rediff.com/news/market/amazon-leo-eyes-india-for-global-satellite-internet-expansion/51012320260722,50,[PROJECT] expansion,yes
2026-07-22T16:00:41.398096,2026-07-22T00:02:56Z,Industry News,land,"Telin & BW Digital land subsea cable in Batam, Indonesia",Data Center Dynamics,https://www.datacenterdynamics.com/en/news/telin-bw-digital-land-subsea-cable-in-batam-indonesia/,50,[LAND] land,yes
2026-07-23T10:00:42.443929,2026-07-22T17:34:21Z,Pi Datacentres,land,TCS Secured 288 Acres of Land Across Andhra Pradesh and Maharashtra for AI Data Centre Expansion: Areas Set to Benefit?,Trade Brains,https://tradebrains.in/money/tcs-secured-288-acres-of-land-across-andhra-pradesh-and-maharashtra-for-ai-data-centre-expansion-areas-set-to-benefit/,270,[LAND] land; [LAND] acre; [LAND] acres; [PROJECT] expansion; maharashtra,yes
2026-07-23T10:00:42.443929,2026-07-22T10:44:52Z,Pi Datacentres,project,"Spain's Submer Announces ₹19,000 Crore AI Data Centre Investment In Madhya Pradesh",BW People,https://www.bwpeople.in/article/spain-s-submer-announces-19-000-crore-ai-data-centre-investment-in-madhya-pradesh-616046,160,[PROJECT] announces; [PROJECT] investment; investment,yes
2026-07-23T10:00:42.443929,2026-07-22T16:28:35Z,Pi Datacentres,project,OpenAI announces 3.2 GW AI data centre campus in Georgia,lokmattimes.com,https://www.lokmattimes.com/technology/openai-announces-32-gw-ai-data-centre-campus-in-georgia/,160,[PROJECT] announces; [PROJECT] data centre campus; campus,yes
2026-07-23T10:00:42.443929,2026-07-23T02:26:54Z,Net4,project,HFCL To Invest ₹215 Crore For New Data Center Plant,Whalesbook,https://www.whalesbook.com/news/English/consumer-products/HFCL-To-Invest-indian-rupee215-Crore-For-New-Data-Center-Plant/6a617beefe1c9287f47c638e,130,[PROJECT] new data center; [PROJECT] to invest,yes
2026-07-23T10:00:42.443929,2026-07-22T10:43:59Z,Reliance Communications,project,Reliance launches AJIO Beauty to capture India's booming market,The Economic Times,https://m.economictimes.com/industry/cons-products/fashion-/-cosmetics-/-jewellery/reliance-launches-ajio-beauty-to-capture-indias-booming-market/articleshow/132556783.cms,120,[PROJECT] launch,yes
2026-07-23T10:00:42.443929,2026-07-23T02:31:42Z,Pi Datacentres,project,"HCLTech to Build First India Data Centre in Odisha, Targets AI Workloads",Indiatimes,https://datacenters.economictimes.indiatimes.com/news/investments-deals/hcltech-to-build-first-india-data-centre-in-odisha-targets-ai-workloads/132570639,120,[PROJECT] to build,yes
2026-07-23T10:00:42.443929,2026-07-22T11:47:55Z,Reliance Communications,project,Reliance Retail Expands Beauty Play with Launch of AJIO Beauty,Indian Retailer,https://www.indianretailer.com/news/reliance-retail-expands-beauty-play-launch-ajio-beauty,110,[PROJECT] launch,yes
2026-07-23T10:00:42.443929,2026-07-22T20:17:46Z,NTT,project,STT GDC India launches high-performance data centre in Jaipur,Indiatimes,https://datacenters.economictimes.indiatimes.com/news/ai-compute-infrastructure/stt-gdc-india-launches-high-performance-data-centre-in-jaipur/132554367,105,[PROJECT] launch,yes
2026-07-23T10:00:42.443929,2026-07-22T10:11:52Z,Industry News,project,"India Data Center Capacity Hits 1.8 GW, Pushing Expansion to Tier-II Cities",Whalesbook,https://www.whalesbook.com/news/English/technology/India-Data-Center-Capacity-Hits-18-GW-Pushing-Expansion-to-Tier-II-Cities/6a609768fe1c9287f47b2833,60,[PROJECT] expansion; capacity,yes
2026-07-23T10:00:42.443929,2026-07-22T11:10:44Z,Industry News,project,Kerala unveils roadmap to attract GCC investments,Communications Today,https://www.communicationstoday.co.in/kerala-unveils-roadmap-to-attract-gcc-investments/,50,[PROJECT] investment; investment,yes
2026-07-23T10:00:42.443929,2026-07-22T06:40:11Z,Industry News,project,"India's ₹10,000 Crore Biopharma SHAKTI Scheme: Major States and Pharma Companies Leading India's Biopharma Expansion",Trade Brains,https://tradebrains.in/money/indias-10000-crore-biopharma-shakti-scheme-major-states-and-pharma-companies-leading-indias-biopharma-expansion/,50,[PROJECT] expansion,yes
2026-07-23T10:00:42.443929,2026-07-22T16:17:56Z,Industry News,project,Hong Kong’s ITC Plans 1GW Jiangsu Data Centre Campus in Digital Pivot,Mingtiandi,https://www.mingtiandi.com/real-estate/data-centres/hong-kongs-itc-plans-1gw-jiangsu-data-centre-campus-in-digital-pivot/,50,[PROJECT] data centre campus; campus,yes
2026-07-23T10:00:42.443929,2026-07-22T22:30:00Z,Industry News,land,Data center developer signs purchase agreements for north Mandan land,The Bismarck Tribune,https://bismarcktribune.com/news/local/article_2b0b6f9f-018d-46ea-b4cf-136fb49601cf.html,50,[LAND] land,yes
2026-07-23T10:00:42.443929,2026-07-22T06:00:00Z,Industry News,land,Grant County supervisors block township's data center moratorium; developer eyes 300-acre site,TelegraphHerald.com,https://www.telegraphherald.com/news/tri-state/article_f7beb010-1bff-4f7f-b2d3-b330d1782ca5.html,50,[LAND] acre,yes
2026-07-23T10:00:42.443929,2026-07-23T02:53:53Z,Industry News,land,NCLT Approves Rs 352.5 Crore Plan for Radius & Deserve Land,Whalesbook,https://www.whalesbook.com/news/English/real-estate/NCLT-Approves-Rs-3525-Crore-Plan-for-Radius-and-Deserve-Land/6a618241fe1c9287f47c6fa3,50,[LAND] land,yes
2026-07-23T13:24:07.364981,2026-07-23T06:06:01Z,AdaniConneX,project,Adani considering launching airline to push into India's aviation market,Business Standard,https://www.business-standard.com/amp/companies/news/adani-considering-launching-airline-to-push-into-india-s-aviation-market-126072300365_1.html,180,[PROJECT] launch; [PROJECT] launching,yes
2026-07-23T13:24:07.364981,2026-07-22T12:01:20Z,Reliance Communications,project,Reliance Retail launches AJIO Beauty to expand presence in India's beauty and personal care market,MediaNews4U,https://www.medianews4u.com/reliance-retail-launches-ajio-beauty-to-expand-presence-in-indias-beauty-and-personal-care-market/,140,[PROJECT] launch,yes
2026-07-23T13:24:07.364981,2026-07-23T03:21:42Z,Google Cloud India,land,"Google Cloud Netherlands Outage Highlights Power, Cooling Vulnerabilities",Indiatimes,https://datacenters.economictimes.indiatimes.com/news/operations-resilience/google-cloud-netherlands-outage-highlights-power-cooling-vulnerabilities/132571147,115,[LAND] land; power,yes
2026-07-23T13:28:42.605133,2026-07-22T15:31:42Z,Pi Datacentres,general,"India adds 258 MW IT data centre capacity in H1 2026, operational stock reaches 1.8 GW IT",Prop News Time,https://propnewstime.com/latestnewsstories/MzM1MTg=/india-adds-258-mw-it-data-centre-capacity-in-h1-2026-operational-stock-reaches-1-8-gw-it,130,mw; capacity; data centre,yes
2026-07-23T13:28:42.605133,2026-07-23T02:59:07Z,Pi Datacentres,general,Powering India’s Digital Backbone: Why Hyperscale Data Centres Need a New Energy Architecture,CXOToday.com,https://cxotoday.com/corner-office/powering-indias-digital-backbone-why-hyperscale-data-centres-need-a-new-energy-architecture/,130,hyperscale; power; data centre,yes
2026-07-23T13:28:42.605133,2026-07-23T02:31:42Z,Pi Datacentres,general,"Amphenol Pivot Panel Boosts Fibre Density for AI, Hyperscale Data Centres",Indiatimes,https://datacenters.economictimes.indiatimes.com/news/ai-compute-infrastructure/amphenol-pivot-panel-boosts-fibre-density-for-ai-hyperscale-data-centres/132570666,105,hyperscale; data centre,yes
2026-07-23T13:28:42.605133,2026-07-22T08:51:25Z,Pi Datacentres,general,How AI data centre spending is creating hidden debt for tech giants,Business Standard,https://www.business-standard.com/world-news/tech-giants-ai-investment-hidden-debt-balance-sheets-data-centres-microsoft-126072200668_1.html,95,data centre,yes
2026-07-23T13:28:42.605133,2026-07-23T01:12:27Z,Sify Technologies,general,AI Data Center to be Built in Industrial Complex… Elice Group Builds GPU and NPU Edge Infrastructure,벤처스퀘어,https://www.venturesquare.net/en/1100642/,95,data center,yes
2026-07-23T13:28:42.605133,2026-07-22T18:00:00Z,Pi Datacentres,general,Financing data centres in Bangladesh,The Financial Express,https://today.thefinancialexpress.com.bd/views-opinion/financing-data-centres-in-bangladesh-1784733786?amp=true,95,data centre,yes
